{
    "mean": 1.8800295900875317,
    "std": 0.3672644487544559
}