{
    "mean": 1.4731871615374454,
    "std": 0.7440621631827818
}