{
    "1": -0.0006333128740830818,
    "2": 0.0,
    "3": -0.05962904115399316,
    "4": -0.01365419864664714,
    "5": 0.00058038899376124,
    "6": 0.01890169295945448,
    "7": 0.016753471032138804,
    "8": -0.048501294274036794,
    "9": -0.06992877328136243,
    "10": 0.0,
    "11": -0.017238693276594105,
    "12": -0.020134906373581132,
    "13": -0.0008271447850272708,
    "14": -0.006227578905346479,
    "15": -0.0004432631251950594,
    "16": -0.018429412551763502,
    "17": -0.034795635484343966,
    "18": 0.0,
    "19": -0.022557446804973298,
    "20": -0.05120050951930428,
    "21": -0.03484476366886729,
    "22": -0.07864440315566253,
    "23": -0.05834115743558357,
    "24": -0.035725434027249356,
    "25": -0.0368103666851259,
    "26": -0.011693144401596843,
    "27": -0.006477529751445412,
    "28": -0.0008898562595036727,
    "29": -0.006785674266160552,
    "30": -0.004859960749537239,
    "31": -0.003567006953075155,
    "32": 0.005398689735695595,
    "33": 0.013504920907136855,
    "34": -0.00489798627021481,
    "35": -0.019488095728205413,
    "36": 0.0,
    "37": -0.037883238979857334,
    "38": -0.047222236868702694,
    "39": -0.0897326135642937,
    "40": -0.06121565583934067,
    "41": -0.04507706855532237,
    "42": 0.018515529944831917,
    "43": 0.0117783862244817,
    "44": 0.013877291199128007,
    "45": -0.0058768930535284016,
    "46": -0.015424467321826436,
    "47": 0.008625250645106794,
    "48": 0.0069876843736660695,
    "49": 0.004421423919353151,
    "50": -0.0032870360741424887,
    "51": 0.011301615574421617,
    "52": 0.002406408227672821,
    "53": -0.010345728541400053,
    "54": 0.0,
    "55": -0.07513756337590433,
    "56": -0.07189192475979259,
    "57": -0.07454856389397323,
    "58": -0.08776612096296064,
    "59": -0.06636804430528828,
    "60": -0.07030629372805478,
    "61": -0.11703119247129176,
    "62": -0.07831227579523285,
    "63": -0.15823145282774678,
    "64": -0.16005660724288764,
    "65": -0.08547498126918623,
    "66": -0.11641398610142893,
    "67": -0.0955033170912316,
    "68": -0.07589681951045213,
    "69": -0.11058833355445863,
    "70": -0.06559043960247432,
    "71": -0.12166181313160283,
    "72": -0.07984754762517147,
    "73": -0.061274817034672774,
    "74": -0.018629742429657835,
    "75": 0.013879241111991384,
    "76": 0.02333531063861922,
    "77": -0.014326868835065941,
    "78": -0.01946703137339379,
    "79": 0.006510152953996496,
    "80": 0.008712320290542698,
    "81": -0.014609804432269752,
    "82": -0.004818903657173271,
    "83": 0.0136280876330378,
    "84": 0.0,
    "85": 0.0,
    "86": 0.0,
    "87": 0.0,
    "88": 0.0,
    "89": -0.05670506974453154,
    "90": -0.08987019064949446,
    "91": -0.2879266945695291,
    "92": -0.05768310998030416,
    "93": -0.05197321983109682,
    "94": -0.05198005893024395
}