{
    "mean": 571.8686083004105,
    "std": 481.0203495401251
}