{
    "1": 0.028874403584807362,
    "2": 0.0,
    "3": 0.033298824512675435,
    "4": 0.06560347989894628,
    "5": 0.03632178586278916,
    "6": -0.011852436514148154,
    "7": 0.03300945349541194,
    "8": 0.04666848636624084,
    "9": 0.07856784378323071,
    "10": 0.0,
    "11": 0.036093341538944314,
    "12": 0.005638483029698903,
    "13": 0.01485274369369897,
    "14": 0.028310715127745228,
    "15": 0.009070196719912448,
    "16": 0.03058445544209269,
    "17": 0.05586607644367217,
    "18": 0.0,
    "19": 0.06721429225075588,
    "20": 0.032877778967108987,
    "21": 0.020036756994738558,
    "22": -0.043341275349016356,
    "23": -0.05864843564204382,
    "24": -0.04196762412615222,
    "25": -0.0756793450599592,
    "26": -0.022156274619223194,
    "27": -0.04207514847901663,
    "28": -0.012926896686075065,
    "29": -0.0634674442612205,
    "30": 0.01705744909514683,
    "31": 0.017046675906950425,
    "32": 0.00754174618508649,
    "33": -0.0012735526518114436,
    "34": 0.020724935244110076,
    "35": 0.05559630741798307,
    "36": 0.0,
    "37": 0.07545778370714692,
    "38": 0.009383634950936238,
    "39": 0.052513570723350965,
    "40": 0.008865967371226026,
    "41": -0.04122246291725362,
    "42": -0.03358474098686914,
    "43": -0.04900541185910396,
    "44": -0.08358558790880495,
    "45": -0.0336993851612466,
    "46": -0.018082297753390625,
    "47": -0.0186405572998056,
    "48": 0.001054969148109309,
    "49": -0.007759605142834249,
    "50": 0.006504521338815891,
    "51": -0.013247813060924042,
    "52": 0.005926192365717187,
    "53": 0.056900055577436104,
    "54": 0.0,
    "55": 0.11223259264178151,
    "56": 0.03440582689119377,
    "57": 0.012456926279263434,
    "58": -0.03768847202139874,
    "59": 0.025905050241590094,
    "60": 0.03221836414141281,
    "61": 0.05264230697274615,
    "62": 0.0441959355763681,
    "63": -0.08221085300680629,
    "64": 0.05131132604380943,
    "65": 0.027040158888994442,
    "66": 0.06108865713113752,
    "67": 0.05421398294210632,
    "68": 0.03937609904537106,
    "69": 0.0689358212024463,
    "70": -0.03212523823400324,
    "71": 0.07698370627151746,
    "72": 0.03592076884395195,
    "73": -0.0042492200827672815,
    "74": 0.0032307396876369706,
    "75": -0.04638663260950122,
    "76": -0.07026041937130212,
    "77": -0.0490134178375671,
    "78": -0.02021890173472367,
    "79": -0.022348741981213085,
    "80": -0.006370405932354251,
    "81": 0.012917422083213434,
    "82": 0.02375430260082383,
    "83": -0.016543623545453738,
    "84": 0.0,
    "85": 0.0,
    "86": 0.0,
    "87": 0.0,
    "88": 0.0,
    "89": 0.04549464363101243,
    "90": 0.055196112567442945,
    "91": 0.18014594539952203,
    "92": -0.1104014988129211,
    "93": -0.2028926831355143,
    "94": -0.03075365933506301
}