{
    "mean": 2.4569770107667264,
    "std": 2.2883648296912633
}