{
    "1": 0.0,
    "2": 0.0,
    "3": 0.2723810044310261,
    "4": 0.28781209172974065,
    "5": 0.5445683935439651,
    "6": 0.0,
    "7": 0.6296185015389874,
    "8": 0.37919408811630206,
    "9": 0.4443139182959342,
    "10": 0.0,
    "11": 0.30204170807459735,
    "12": 0.05910908615877669,
    "13": -0.020137781160929492,
    "14": 0.0393670779292308,
    "15": 0.0,
    "16": 0.49348563799685824,
    "17": 0.0,
    "18": 0.0,
    "19": 0.6888603527878941,
    "20": 0.05870030063755742,
    "21": -0.12582280116642505,
    "22": -0.2995150827563316,
    "23": -0.3036566291024809,
    "24": -0.36599817257298267,
    "25": -0.3040947645195249,
    "26": -0.16127424799922063,
    "27": -0.04009320191393864,
    "28": -0.005003040434199661,
    "29": 0.0894755888469214,
    "30": 0.03596649578244727,
    "31": -0.20331339765780776,
    "32": -0.2791764023767739,
    "33": -0.062034082427760026,
    "34": 0.0,
    "35": 0.0,
    "36": 0.0,
    "37": 0.8225231315892345,
    "38": 0.21918047114095926,
    "39": -0.09307807859249102,
    "40": -0.31133985492484595,
    "41": -0.37612866791133276,
    "42": -0.2838510049352013,
    "43": 0.0,
    "44": 0.0678646823792902,
    "45": 0.07723361158180587,
    "46": 0.13780583029451582,
    "47": 0.23924101555526375,
    "48": 0.09647581563593825,
    "49": -0.16427494113666846,
    "50": -0.3058911761324698,
    "51": -0.1963132761332169,
    "52": -0.024532044186201123,
    "53": 0.0,
    "54": 0.0,
    "55": 0.781989925440032,
    "56": 0.21040653907761447,
    "57": -0.19706853247394107,
    "58": 0.0,
    "59": 0.0,
    "60": 0.0,
    "61": 0.0,
    "62": 0.0,
    "63": 0.0,
    "64": 0.0,
    "65": 0.0,
    "66": 0.0,
    "67": 0.0,
    "68": 0.0,
    "69": 0.0,
    "70": 0.0,
    "71": 0.0,
    "72": -0.16334001230034406,
    "73": -0.3767145589786175,
    "74": -0.22824727758871524,
    "75": 0.006811491421450089,
    "76": 0.17774231833978782,
    "77": 0.21942714709049188,
    "78": 0.23134147556399334,
    "79": 0.3109145446464621,
    "80": 0.31383790111225696,
    "81": 0.1477557392348174,
    "82": -0.09702241128636716,
    "83": -0.1531708687254927
}