{
    "1": 366.0350354919778,
    "2": 0.0,
    "3": 68.60774527053222,
    "4": -2.3747914871642646,
    "5": 159.44925448629834,
    "6": 376.16833539606625,
    "7": 276.99622879465534,
    "8": 125.64423421270737,
    "9": 73.28762869584345,
    "10": 0.0,
    "11": -1.826880956729664,
    "12": 21.112343114865904,
    "13": -12.686558343211415,
    "14": -92.7987244289729,
    "15": 67.95044327953305,
    "16": 65.25390259127127,
    "17": 46.80823245911032,
    "18": 0.0,
    "19": 54.46296836792009,
    "20": 57.74051521213862,
    "21": 23.78791325848568,
    "22": -18.757745054383943,
    "23": 87.77350428020635,
    "24": -440.05365782903783,
    "25": 0.0,
    "26": 108.89826097037819,
    "27": 27.161025678931573,
    "28": 139.11549385636914,
    "29": 38.692622538035835,
    "30": 13.885905837781204,
    "31": 15.338126975288832,
    "32": -77.88508692245173,
    "33": 48.10109015943178,
    "34": 30.52747008595317,
    "35": 25.40772014403775,
    "36": 0.0,
    "37": 78.61739151338688,
    "38": 59.37155326796405,
    "39": 63.65641683800382,
    "40": -51.38170059702292,
    "41": -189.08431304777415,
    "42": 72.79653293330662,
    "43": -153.92792737819838,
    "44": 67.73146138716257,
    "45": 7.544390421083977,
    "46": 3.339880891578526,
    "47": -0.5541759276489208,
    "48": 44.33599836116995,
    "49": 29.036883287530216,
    "50": 22.84854045577215,
    "51": 16.995543212635415,
    "52": 25.869307561342477,
    "53": 10.891409014319256,
    "54": 0.0,
    "55": 27.771632803150375,
    "56": 3.8823747893683156,
    "57": 31.756887818507924,
    "58": 0.0,
    "59": 0.0,
    "60": 0.0,
    "61": 0.0,
    "62": 0.0,
    "63": 0.0,
    "64": 0.0,
    "65": 0.0,
    "66": 0.0,
    "67": 0.0,
    "68": 0.0,
    "69": 0.0,
    "70": 0.0,
    "71": 0.0,
    "72": 5.8451071121711395,
    "73": -48.18260580512731,
    "74": -261.40652340525384,
    "75": -68.04302225070879,
    "76": 108.27496339572453,
    "77": 5.414159161345082,
    "78": 42.79972390067229,
    "79": 9.834007889788122,
    "80": 70.1318886083435,
    "81": -83.4143065430196,
    "82": -43.751459738281895,
    "83": -29.190890499878996
}