{
    "1": 0.05800154745199794,
    "2": 0.0,
    "3": 0.0613658179781165,
    "4": 0.10482462875949089,
    "5": 0.04649353588231932,
    "6": 0.11728326795833133,
    "7": -0.019349316452392754,
    "8": 0.026288158280046044,
    "9": 0.08009629098300408,
    "10": 0.0,
    "11": 0.09786987571933115,
    "12": 0.04973399555934948,
    "13": 0.048855264006474254,
    "14": 0.0430288881457843,
    "15": 0.06125018667201702,
    "16": 0.03724763834664301,
    "17": 0.038982493194407004,
    "18": 0.0,
    "19": 0.08866181354627432,
    "20": 0.12855633055792284,
    "21": 0.2987436051463178,
    "22": 0.21633036113588103,
    "23": 0.2998580146944235,
    "24": 0.22725535291770005,
    "25": 0.1721796036711282,
    "26": 0.15142359090713128,
    "27": 0.2765878456532593,
    "28": 0.2079705152181381,
    "29": 0.17555771922322155,
    "30": 0.012483139739413103,
    "31": 0.11344509785573954,
    "32": 0.19583480294202396,
    "33": 0.07604341181354479,
    "34": 0.06959666024505473,
    "35": 0.0353408033299954,
    "36": 0.0,
    "37": 0.1298026374013048,
    "38": 0.16767207234332235,
    "39": 0.16774290150746882,
    "40": 0.25188645523797604,
    "41": 0.18020495672092188,
    "42": 0.23813586653996363,
    "43": 0.5451567695810566,
    "44": 0.39699652234346455,
    "45": 0.34488684149771887,
    "46": 0.14451951223868367,
    "47": 0.14877935075992693,
    "48": 0.22460374172903594,
    "49": 0.18480712092625898,
    "50": 0.08253926230790262,
    "51": 0.09436590867840841,
    "52": 0.05945089525898426,
    "53": 0.003954841616883072,
    "54": 0.0,
    "55": 0.0897469980593967,
    "56": 0.16890432423937454,
    "57": 0.21540064714830331,
    "58": 0.391185833600643,
    "59": 0.3875082933166238,
    "60": 0.31942184456133277,
    "61": 0.5545609750626437,
    "62": 0.3114659069004268,
    "63": 0.4841062406734975,
    "64": 0.49394791539382993,
    "65": 0.4232892211941937,
    "66": 0.32220139647982826,
    "67": 0.3155677873190082,
    "68": 0.26370057498566973,
    "69": 0.42293441993892394,
    "70": 0.4196447369672357,
    "71": 0.3273844702604614,
    "72": 0.1479376222811742,
    "73": 0.1710742646118511,
    "74": 0.2528213862226652,
    "75": 0.2739169049673072,
    "76": 0.16901319248161698,
    "77": 0.3620267644963487,
    "78": 0.15118756300534839,
    "79": 0.0578427652091451,
    "80": 0.24643281602642725,
    "81": 0.20190454845342815,
    "82": 0.17533312531643197,
    "83": 0.15808413361723947,
    "84": 0.0,
    "85": 0.0,
    "86": 0.0,
    "87": 0.0,
    "88": 0.0,
    "89": 0.36690633474651624,
    "90": 0.4097257046053714,
    "91": 0.781409808240048,
    "92": 0.4082865745400202,
    "93": 0.2224135768985907,
    "94": 0.2094575427073169
}