{
    "mean": 1.216204829779715,
    "std": 1.6020991903794053
}