{
    "mean": 1.5529289714161707,
    "std": 0.37077067812263437
}