{
    "1": 0.07327328764863497,
    "2": 0.0,
    "3": 0.0697234216071934,
    "4": 0.10618646503394584,
    "5": 0.046977980480767643,
    "6": 0.1256262843672171,
    "7": -0.02442718373401308,
    "8": 0.030561309901425908,
    "9": 0.10034844584311257,
    "10": 0.0,
    "11": 0.12361587348522883,
    "12": 0.05897883645404746,
    "13": 0.05041941098706065,
    "14": 0.0370502074941829,
    "15": 0.06136061551856573,
    "16": 0.046768125475487955,
    "17": 0.06233163239606187,
    "18": 0.0,
    "19": 0.11833403462117639,
    "20": 0.14622962933603964,
    "21": 0.3523931016692125,
    "22": 0.251380203081349,
    "23": 0.35473505372399505,
    "24": 0.2614323139639794,
    "25": 0.20621669874102025,
    "26": 0.18160251940283104,
    "27": 0.3316134034837353,
    "28": 0.25770255295861844,
    "29": 0.22743198550736718,
    "30": 0.021122295540101647,
    "31": 0.1287139948847493,
    "32": 0.2128599902321588,
    "33": 0.07956086119209836,
    "34": 0.08039481536276766,
    "35": 0.05797062726303928,
    "36": 0.0,
    "37": 0.17909735371858176,
    "38": 0.19635607459912852,
    "39": 0.20201975543703146,
    "40": 0.2988123702447959,
    "41": 0.2099398070907102,
    "42": 0.27278537061021213,
    "43": 0.643077479170382,
    "44": 0.4757867958696711,
    "45": 0.4284052532997842,
    "46": 0.20025834114051,
    "47": 0.22628343353687888,
    "48": 0.3044103795359924,
    "49": 0.23584721313202237,
    "50": 0.09858763414999211,
    "51": 0.1090768191964932,
    "52": 0.06807004323407462,
    "53": 0.0174167453763586,
    "54": 0.0,
    "55": 0.13660160377634423,
    "56": 0.20740348188752067,
    "57": 0.2741206628795675,
    "58": 0.47219317248360027,
    "59": 0.48035283955744534,
    "60": 0.3894839116109873,
    "61": 0.7485936223672298,
    "62": 0.380360720354381,
    "63": 0.5583387933013804,
    "64": 0.5753403382064128,
    "65": 0.5098402410675295,
    "66": 0.3821021321561594,
    "67": 0.36967382699879653,
    "68": 0.31856188447794076,
    "69": 0.5010571991773014,
    "70": 0.48961235411538084,
    "71": 0.3915506760676613,
    "72": 0.16892962763368388,
    "73": 0.1954702790164251,
    "74": 0.28811814884109616,
    "75": 0.3234607872064307,
    "76": 0.20855946104611855,
    "77": 0.43541314493531885,
    "78": 0.20147001292238495,
    "79": 0.09560393851743595,
    "80": 0.36729650051500057,
    "81": 0.28867626826890547,
    "82": 0.23285569359876115,
    "83": 0.20775721354367338,
    "84": 0.0,
    "85": 0.0,
    "86": 0.0,
    "87": 0.0,
    "88": 0.0,
    "89": 0.5045209248470696,
    "90": 0.5342061178966331,
    "91": 0.9930981410816769,
    "92": 0.48321756721637965,
    "93": 0.24515606083260247,
    "94": 0.24868923576056845
}