{
    "1": -8.474043780267994,
    "2": 0.0,
    "3": -1.0452297885525768,
    "4": 0.0,
    "5": 45.21385566063002,
    "6": 22.823883226684803,
    "7": 23.77263112253569,
    "8": 2.4524894973006406,
    "9": 5.445753087224805,
    "10": 0.0,
    "11": 66.71781412894086,
    "12": 64.7537522785155,
    "13": 20.490871571467203,
    "14": 17.242721903437474,
    "15": 10.096223872867569,
    "16": 0.08886154968679438,
    "17": -0.670988640379927,
    "18": 0.0,
    "19": 71.06735990359964,
    "20": 56.986752470120294,
    "21": 30.659904666012476,
    "22": 56.31901388081039,
    "23": 34.04679879769607,
    "24": 17.377136570007753,
    "25": 0.8482393623043515,
    "26": 30.445553850608366,
    "27": 10.307874150728425,
    "28": 94.63073413569145,
    "29": 4.93214729270517,
    "30": 3.054015915449196,
    "31": 37.4118814804721,
    "32": 35.931291324708056,
    "33": 16.223026386150913,
    "34": 6.266691070734709,
    "35": 1.1225851848191382,
    "36": 101.33278084832203,
    "37": 48.66501014802047,
    "38": -2.5383747285768097,
    "39": 46.907339010016194,
    "40": 33.56823704279301,
    "41": 13.349854509454067,
    "42": 39.82441865134209,
    "43": 17.344397891191583,
    "44": 41.28300399435482,
    "45": 29.460276875781734,
    "46": 12.992919295922407,
    "47": 23.685857575029793,
    "48": 14.497915829639375,
    "49": 55.42256674888236,
    "50": 37.14558204128835,
    "51": 38.72713629030455,
    "52": 1.9180538955330542,
    "53": 4.865946215989495,
    "54": 0.0,
    "55": 0.0,
    "56": 74.24793728647406,
    "57": 0.0,
    "58": 100.07312107357697,
    "59": 14.73547854319929,
    "60": 26.268385584489696,
    "61": 0.0,
    "62": 24.886380473745373,
    "63": 0.0,
    "64": 0.0,
    "65": 57.707154472988805,
    "66": 27.981219782951214,
    "67": 70.21588937514294,
    "68": 20.994748457823395,
    "69": 18.096057669901445,
    "70": 80.25099515929384,
    "71": 14.296957346356656,
    "72": 17.855184237059454,
    "73": 42.83937513541809,
    "74": 119.93880487375866,
    "75": 4.060665103983668,
    "76": -18.24690452947497,
    "77": 22.93311214851201,
    "78": 34.92179850251163,
    "79": 89.73347259364763,
    "80": 55.99928487048208,
    "81": 7.90605670558557,
    "82": 39.22844892923693,
    "83": 14.596687659553677,
    "84": 0.0,
    "85": 0.0,
    "86": 0.0,
    "87": 0.0,
    "88": 0.0,
    "89": 0.0,
    "90": 11.843083156942388,
    "91": 0.0,
    "92": 26.145779347761604,
    "93": 17.622162593425372,
    "94": 21.11207312783933
}