{
    "mean": -1.4071424641223964,
    "std": 1.1632651272309187
}