{
    "mean": 117.03965287603667,
    "std": 145.52539316617808
}