{
    "1": 0.061089717905377344,
    "2": 0.0,
    "3": 0.061026722541262034,
    "4": 0.09831244683260308,
    "5": 0.09694217531481067,
    "6": 0.16390984642429898,
    "7": -0.07002300227199088,
    "8": 0.0021100101238402547,
    "9": 0.0410555810462687,
    "10": 0.0,
    "11": 0.07743560653838114,
    "12": 0.15203974145168248,
    "13": 0.10307750029541625,
    "14": 0.11990836970236629,
    "15": 0.12176566456257064,
    "16": 0.07645939120869348,
    "17": 0.06316264785687944,
    "18": 0.0,
    "19": 0.09111432573359622,
    "20": 0.19229051120918053,
    "21": 0.34000409097461304,
    "22": 0.22647050020198095,
    "23": 0.33481646097079176,
    "24": 0.3449778730137691,
    "25": 0.2890897485821267,
    "26": 0.5154104745105004,
    "27": 0.4660118761179558,
    "28": 0.6616779405833171,
    "29": 0.4110664388901613,
    "30": 0.2681213619558091,
    "31": 0.2579885476575081,
    "32": 0.13834992376535932,
    "33": 0.2535592587940566,
    "34": 0.1103503946847807,
    "35": 0.07279566587333625,
    "36": 0.0,
    "37": 0.07838902963264573,
    "38": 0.21614352665586553,
    "39": 0.2628016683415723,
    "40": 0.6347736138994932,
    "41": 0.23819225065425406,
    "42": 0.3896556651478537,
    "43": 0.17600020901134075,
    "44": 0.3912109230986924,
    "45": 0.5228747066782508,
    "46": 0.5401356304912108,
    "47": 0.43988127311046604,
    "48": 0.2814752634674723,
    "49": 0.4456795618067765,
    "50": 0.41800577679529993,
    "51": 0.34925052400195583,
    "52": 0.18936028666092947,
    "53": 0.19978713774600323,
    "54": 0.0,
    "55": 0.10849556846576962,
    "56": 0.16708041583451855,
    "57": 0.29641367614530967,
    "58": 1.6035071760590018,
    "59": 0.2305169747788401,
    "60": 0.270871332455625,
    "61": 0.0,
    "62": 0.25588905058649153,
    "63": 0.038359545610397804,
    "64": 0.3397810156332374,
    "65": 0.25514942600420193,
    "66": 0.08263516119834395,
    "67": 0.10812797311818019,
    "68": 0.18807890324484827,
    "69": 0.17610491863962438,
    "70": -0.6152747332702557,
    "71": 0.1264102714316791,
    "72": 0.5597536550163695,
    "73": 0.24831851774795058,
    "74": 0.24375141975529313,
    "75": 0.3249245504235169,
    "76": 0.29786716814711767,
    "77": 0.4495517872850551,
    "78": 0.5477111471711936,
    "79": 0.7192842764611097,
    "80": 0.2498501209916168,
    "81": 0.3550373989438575,
    "82": 0.30085584406798277,
    "83": 0.4282102847080756,
    "84": 0.0,
    "85": 0.0,
    "86": 0.0,
    "87": 0.0,
    "88": 0.0,
    "89": 1.2267776696832386,
    "90": 0.6342676712802703,
    "91": 0.0,
    "92": 0.9638612018926946
}